{
 "listItems": [
    {"name":"Analytics Dashboard", "url":"dashboard-analytics","icon":"feather icon-home"},
    {"name":"eCommerce Dashboard", "url":"dashboard-ecommerce","icon":"feather icon-home"},
    {"name":"Email", "url":"app-email","icon":"feather icon-mail"},
    {"name":"Chat", "url":"app-chat","icon":"feather icon-message-square"},
    {"name":"Todo", "url":"app-todo","icon":"feather icon-check-square"},
    {"name":"Calender", "url":"app-calender","icon":"feather icon-calendar"},
    {"name":"Shop Ecommerce", "url":"app-ecommerce-shop","icon":"feather icon-shopping-cart"},
    {"name":"Product Details", "url":"app-ecommerce-details","icon":"feather icon-circle"},
    {"name":"Wish List", "url":"app-ecommerce-wishlist","icon":"feather icon-heart"},
    {"name":"Checkout", "url":"app-ecommerce-checkout","icon":"feather icon-credit-card"},
    {"name":"Data List - List View", "url":"data-list-view","icon":"feather icon-list"},
    {"name":"Data List - Thumb View", "url":"data-thumb-view","icon":"feather icon-image"},
    {"name":"Content - Grid", "url":"content-grid","icon":"feather icon-grid"},
    {"name":"Content - Typography", "url":"content-typography","icon":"feather icon-type"},
    {"name":"Content - Text Utilities", "url":"content-text-utilities","icon":"feather icon-type"},
    {"name":"Content - Syntax Highlighter", "url":"content-syntax-highlighter","icon":"feather icon-hash"},
    {"name":"Content - Helper Classes", "url":"content-helper-classes","icon":"feather icon-help-circle"},
    {"name":"Colors", "url":"colors","icon":"feather icon-feather"},
    {"name":"Feather Icon", "url":"icons-feather","icon":"feather icon-feather"},
    {"name":"Font Awesome Icon", "url":"icons-font-awesome","icon":"feather icon-wind"},
    {"name":"Card Basic", "url":"card-basic","icon":"feather icon-square"},
    {"name":"Card Advance", "url":"card-advance","icon":"feather icon-tablet"},
    {"name":"Card Statistics", "url":"card-statistics","icon":"feather icon-smartphone"},
    {"name":"Card Analytics", "url":"card-analytics","icon":"feather icon-bar-chart-2"},
    {"name":"Card Actions", "url":"card-actions","icon":"feather icon-airplay"},
    {"name":"Table", "url":"table","icon":"feather icon-grid"},
    {"name":"Datatable", "url":"table-datatable","icon":"feather icon-grid"},
    {"name":"agGrid Table", "url":"table-ag-grid","icon":"feather icon-grid"},
    {"name":"Alert Component", "url":"component-alert","icon":"feather icon-info"},
    {"name":"Buttons Component", "url":"component-buttons","icon":"feather icon-inbox"},
    {"name":"Breadcrumbs Component", "url":"component-breadcrumbs","icon":"feather icon-more-horizontal"},
    {"name":"Carousel Component", "url":"component-carousel","icon":"feather icon-map"},
    {"name":"Collapse Component", "url":"component-collapse","icon":"feather icon-minimize"},
    {"name":"Dropdowns Component", "url":"component-dropdowns","icon":"feather icon-inbox"},
    {"name":"List Group Component", "url":"component-list-group","icon":"feather icon-layers"},
    {"name":"Modals Component", "url":"component-modals","icon":"feather icon-maximize-2"},
    {"name":"Pagination Component", "url":"component-pagination","icon":"feather icon-chevrons-right"},
    {"name":"Navs Component", "url":"component-navs","icon":"feather icon-more-vertical"},
    {"name":"Navbar Component", "url":"component-navbar","icon":"feather icon-more-horizontal"},
    {"name":"Tabs Component", "url":"component-tabs","icon":"feather icon-server"},
    {"name":"Pills Component", "url":"component-pills","icon":"feather icon-toggle-right"},
    {"name":"Tooltips Component", "url":"component-tooltips","icon":"feather icon-message-circle"},
    {"name":"Popovers Component", "url":"component-popovers","icon":"feather icon-message-circle"},
    {"name":"Badges Component", "url":"component-badges","icon":"feather icon-circle"},
    {"name":"Pill Badges Component", "url":"component-pill-badges","icon":"feather icon-circle"},
    {"name":"Progress Component", "url":"component-progress","icon":"feather icon-server"},
    {"name":"Media Objects Component", "url":"component-media-objects","icon":"feather icon-image"},
    {"name":"Spinner Component", "url":"component-spinner","icon":"feather icon-sun"},
    {"name":"Toasts Component", "url":"component-toast","icon":"feather icon-triangle"},
    {"name":"Avatar", "url":"ex-component-avatar","icon":"feather icon-user"},
    {"name":"Chips", "url":"ex-component-chips","icon":"feather icon-octagon"},
    {"name":"Divider", "url":"ex-component-divider","icon":"feather icon-minus"},
    {"name":"Select Form Element", "url":"form-select","icon":"feather icon-server"},
    {"name":"Switch Form Element", "url":"form-switch","icon":"feather icon-toggle-left"},
    {"name":"Checkbox Form Element", "url":"form-checkbox","icon":"feather icon-check-square"},
    {"name":"Radio Form Element", "url":"form-radio","icon":"feather icon-stop-circle"},
    {"name":"Input Form Element", "url":"form-input","icon":"feather icon-server"},
    {"name":"Input Groups Form Element", "url":"form-input-groups","icon":"feather icon-package"},
    {"name":"Number Input Form Element", "url":"form-number-input","icon":"feather icon-plus"},
    {"name":"Textarea Form Element", "url":"form-textarea","icon":"feather icon-edit-2"},
    {"name":"Date & Time Picker Form Element", "url":"form-date-time-picker","icon":"feather icon-calendar"},
    {"name":"Form Layout", "url":"form-layout","icon":"feather icon-layout"},
    {"name":"Form Wizard", "url":"form-wizard","icon":"feather icon-sliders"},
    {"name":"Form Validation", "url":"form-validation","icon":"feather icon-thumbs-up"},
    {"name":"Login Page", "url":"auth-login","icon":"feather icon-log-in"},
    {"name":"Register Page", "url":"auth-register","icon":"feather icon-user-plus"},
    {"name":"Forgot Password Page", "url":"auth-forgot-password","icon":"feather icon-crosshair"},
    {"name":"Reset Password Page", "url":"auth-reset-password","icon":"feather icon-trending-up"},
    {"name":"Lock Screen Page", "url":"auth-lock-screen","icon":"feather icon-lock"},
    {"name":"Coming Soon Page", "url":"page-coming-soon","icon":"feather icon-watch"},
    {"name":"404 Page", "url":"error-404","icon":"feather icon-alert-triangle"},
    {"name":"500 Page", "url":"error-500","icon":"feather icon-alert-octagon"},
    {"name":"Not Authorized Page", "url":"page-not-authorized","icon":"feather icon-user-x"},
    {"name":"Maintenance Page", "url":"page-maintenance","icon":"feather icon-aperture"},
    {"name":"Profile Page", "url":"page-user-profile","icon":"feather icon-users"},
    {"name":"Account Settings", "url":"page-account-settings","icon":"feather icon-settings"},
    {"name":"FAQ Page", "url":"page-faq","icon":"feather icon-zap"},
    {"name":"Knowledge Base Page", "url":"page-knowledge-base","icon":"feather icon-align-left"},
    {"name":"Search Page", "url":"page-search","icon":"feather icon-search"},
    {"name":"Invoice Page", "url":"page-invoice","icon":"feather icon-file-text"},
    {"name":"Apex Chart", "url":"chart-apex","icon":"feather icon-bar-chart"},
    {"name":"Chartjs Chart", "url":"chart-chartjs","icon":"feather icon-activity"},
    {"name":"Echarts Chart", "url":"chart-echarts","icon":"feather icon-pie-chart"},
    {"name":"Google Maps", "url":"maps-google","icon":"feather icon-map-pin"},
    {"name":"Sweet Alert", "url":"ext-component-sweet-alerts","icon":"feather icon-alert-triangle"},
    {"name":"Toastr", "url":"ext-component-toastr","icon":"feather icon-credit-card"},
    {"name":"NoUi Slider", "url":"ext-component-noui-slider","icon":"feather icon-sliders"},
    {"name":"File Uploader", "url":"ext-component-file-uploader","icon":"feather icon-upload"},
    {"name":"Quill Editor", "url":"ext-component-quill-editor","icon":"feather icon-edit-3"},
    {"name":"Drag & Drop", "url":"ext-component-drag-drop","icon":"feather icon-move"},
    {"name":"Tour", "url":"ext-component-tour","icon":"feather icon-airplay"},
    {"name":"Clipboard", "url":"ext-component-clipboard","icon":"feather icon-clipboard"},
    {"name":"Media Player", "url":"ext-component-plyr","icon":"feather icon-film"},
    {"name":"Context Menu", "url":"ext-component-context-menu","icon":"feather icon-menu"},
    {"name":"Swiper", "url":"ext-component-swiper","icon":"feather icon-smartphone"},
    {"name":"l18n", "url":"ext-component-i18n","icon":"feather icon-radio"},
    {"name":"User List", "url":"app-user-list","icon":"feather icon-circle"},
    {"name":"User View", "url":"app-user-view","icon":"feather icon-circle"},
    {"name":"User Edit", "url":"app-user-edit","icon":"feather icon-circle"},
    {"name":"Swiper", "url":"ext-component-swiper","icon":"feather icon-smartphone"},
    {"name":"File Manager", "url":"app-file-manager","icon":"feather icon-save"},
    {"name":"Pricing", "url":"pricing","icon":"fa fa-money"}
 ]
}
